id,title,year,status,imdb_id,tmdb_id,tmdb_media_type,match_confidence,match_method,fields_filled,fields_expanded,conflict_count,review_note_count,source_count,validation_status,validation_messages
1492-conquest-of-paradise-1992,1492: Conquest of Paradise,1992,Enriched,tt0103594,1492,movie,High,Exact title/year confirmed by director,original_title; runtime_minutes,cast; countries; genres; languages; studios; writers,0,0,2,Valid,
1899-2022,1899,2022,Enriched,tt9319668,90669,tv,High,Exact title/year confirmed by director,film_type; original_title; runtime_minutes,cast; countries; genres; languages; studios; writers,0,0,2,Valid,
20-000-leagues-under-the-sea-1916,"20,000 Leagues Under the Sea",1916,Review required,tt0006333,30266,movie,High,Exact title/year confirmed by director,film_type; original_title; release_date; runtime_minutes,cast; countries; genres; languages; studios; writers,1,1,2,Valid,
20-000-leagues-under-the-sea-1954,"20,000 Leagues Under the Sea",1954,Enriched,tt0046672,173,movie,High,Exact title/year confirmed by director,film_type; original_title; runtime_minutes,cast; countries; genres; languages; writers,0,0,2,Valid,
20-000-leagues-under-the-sea-tv-movie-1997,"20,000 Leagues Under the Sea (TV Movie)",1997,Unmatched,,,,Unmatched,,,,0,1,0,Valid,
72-meters-2004,72 Meters,2004,Review required,tt0401089,42952,movie,High,Exact title/year confirmed by director,film_type; original_title; release_date; runtime_minutes,cast; countries; genres; languages; studios; writers,1,1,2,Valid,
a-high-wind-in-jamaica-1965,A High Wind in Jamaica,1965,Enriched,tt0059269,38340,movie,High,Exact title/year confirmed by director,film_type; original_title; release_date; runtime_minutes,cast; countries; genres; languages; writers,0,0,2,Valid,
a-hijacking-2013,A Hijacking,2013,Review required,tt2216240,,,Medium,IMDb candidate requires review,,,0,1,1,Valid,
a-sailor-of-the-king-1953,A Sailor of the King,1953,Unmatched,,,,Unmatched,,,,0,1,0,Valid,
a-twist-of-sand-1968,A Twist of Sand,1968,Enriched,tt0063728,285060,movie,High,Exact title/year confirmed by director,film_type; original_title; release_date; runtime_minutes,cast; countries; genres; languages; studios; writers,0,0,2,Valid,
above-us-the-waves-1955,Above Us the Waves,1955,Review required,tt0047797,28909,movie,High,Exact title/year confirmed by director,film_type; original_title; runtime_minutes,cast; countries; genres; languages; studios; writers,1,1,2,Valid,
action-in-the-north-atlantic-1943,Action in the North Atlantic,1943,Enriched,tt0035608,23051,movie,High,Exact title/year confirmed by director,film_type; original_title; runtime_minutes,cast; countries; directors; genres; languages; studios; writers,0,0,2,Valid,
adrift-2018,Adrift,2018,Review required,tt9005626,,,Medium,IMDb candidate requires review,,,0,1,1,Valid,
adventure-island-1947,Adventure Island,1947,Review required,tt0039133,,,Medium,IMDb candidate requires review,,,0,1,1,Valid,
after-the-storm-2001,After the Storm,2001,Enriched,tt0240325,96279,movie,High,Exact title/year confirmed by director,film_type; original_title; release_date; runtime_minutes,cast; countries; genres; languages; studios; writers,0,0,2,Valid,
alaska-seas-1954,Alaska Seas,1954,Review required,tt0046692,,,Medium,IMDb candidate requires review,,,0,1,1,Valid,
albert-r-n-1953,Albert R.N.,1953,Enriched,tt0045487,150066,movie,High,Exact title/year confirmed by director,film_type; original_title; release_date; runtime_minutes,cast; countries; genres; languages; studios; writers,0,0,2,Valid,
all-hands-on-deck-1961,All Hands on Deck,1961,Review required,tt0054613,,,Medium,IMDb candidate requires review,,,0,1,1,Valid,
all-is-lost-2013,All Is Lost,2013,Review required,tt2017038,,,Medium,IMDb candidate requires review,,,0,1,1,Valid,
all-the-brothers-were-valiant-1953,All the Brothers Were Valiant,1953,Review required,tt0045494,91419,movie,High,Exact title/year confirmed by director,film_type; original_title; release_date; runtime_minutes,cast; countries; genres; languages; writers,1,1,2,Valid,
amistad-1997,Amistad,1997,Enriched,tt0118607,11831,movie,High,Exact title/year confirmed by director,film_type; original_title; runtime_minutes,cast; countries; genres; languages; studios; writers,0,0,2,Valid,
aquaman-2018,Aquaman,2018,Enriched,tt1477834,297802,movie,High,Exact title/year confirmed by director,film_type; original_title; runtime_minutes,cast; countries; genres; languages; studios; writers,0,0,2,Valid,
around-the-world-under-the-sea-1966,Around the World Under the Sea,1966,Enriched,tt0060126,26158,movie,High,Exact title/year confirmed by director,film_type; original_title; release_date; runtime_minutes,cast; countries; genres; languages; studios; writers,0,0,2,Valid,
assault-on-the-wayne-1971,Assault on the Wayne,1971,Review required,tt0065431,,,Medium,IMDb candidate requires review,,,0,1,1,Valid,
atlantic-convoy-1942,Atlantic Convoy,1942,Review required,tt0034480,,,Medium,IMDb candidate requires review,,,0,1,1,Valid,
away-with-the-sails-instructional-film-1936,Away With The Sails (instructional film),1936,Unmatched,,,,Unmatched,,,,0,1,0,Valid,
battle-of-the-coral-sea-1959,Battle of the Coral Sea,1959,Review required,tt0052606,,,Medium,IMDb candidate requires review,,,0,1,1,Valid,
battle-stations-1956,Battle Stations,1956,Review required,tt0048989,,,Medium,IMDb candidate requires review,,,0,1,1,Valid,
battleship-2012,Battleship,2012,Enriched,tt1440129,44833,movie,High,Exact title/year confirmed by director,film_type; original_title; release_date; runtime_minutes,cast; countries; genres; languages; studios; writers,0,0,2,Valid,
battleship-potemkin-1925,Battleship Potemkin,1925,Review required,tt0015648,643,movie,High,Exact title/year confirmed by director,film_type; original_title; runtime_minutes,cast; countries; genres; languages; writers,1,1,2,Valid,
bear-island-1979,Bear Island,1979,Enriched,tt0078836,38629,movie,High,Exact title/year confirmed by director,film_type; original_title; release_date; runtime_minutes,cast; countries; genres; languages; studios; writers,0,0,2,Valid,
below-2002,Below,2002,Review required,tt0276816,,,Medium,IMDb candidate requires review,,,0,1,1,Valid,
beneath-the-12-mile-reef-1953,Beneath the 12-Mile Reef,1953,Enriched,tt0045551,22734,movie,High,Exact title/year confirmed by director,film_type; original_title; runtime_minutes,cast; countries; genres; languages; writers,0,0,2,Valid,
billy-budd-1962,Billy Budd,1962,Review required,tt0055796,5334,movie,High,Exact title/year confirmed by director,film_type; original_title; runtime_minutes,cast; countries; genres; languages; studios; writers,1,1,2,Valid,
black-sea-2014,Black Sea,2014,Review required,tt2261331,,,Medium,IMDb candidate requires review,,,0,1,1,Valid,
black-sea-2015,Black Sea,2015,Review required,tt2261331,246080,movie,High,Exact title/year confirmed by director,film_type; original_title; runtime_minutes,cast; countries; genres; languages; studios; writers,1,1,2,Valid,
blood-vessel-2020,Blood Vessel,2020,Enriched,tt8009938,618585,movie,High,Exact title/year confirmed by director,film_type; original_title; runtime_minutes,cast; countries; genres; languages; studios; writers,0,0,2,Valid,
britannic-2000,Britannic,2000,Enriched,tt0190281,59709,movie,High,Exact title/year confirmed by director,film_type; original_title; runtime_minutes,cast; countries; genres; languages; studios; writers,0,0,2,Valid,
captain-horatio-hornblower-1951,Captain Horatio Hornblower,1951,Enriched,tt0043379,23928,movie,High,Exact title/year confirmed by director,film_type; original_title; runtime_minutes,cast; countries; genres; languages; studios; writers,0,0,2,Valid,
captain-kidd-1945,Captain Kidd,1945,Review required,tt0037576,15401,movie,High,Exact title/year confirmed by director,film_type; original_title; release_date; runtime_minutes,cast; countries; genres; languages; studios; writers,1,1,2,Valid,
captain-nemo-and-the-underwater-city-1969,Captain Nemo and the Underwater City,1969,Enriched,tt0065522,56354,movie,High,Exact title/year confirmed by director,film_type; original_title; release_date; runtime_minutes,cast; countries; genres; languages; studios; writers,0,0,2,Valid,
captain-phillips-2013,Captain Phillips,2013,Review required,tt1535109,,,Medium,IMDb candidate requires review,,,0,1,1,Valid,
captain-ron-1992,Captain Ron,1992,Enriched,tt0103924,14361,movie,High,Exact title/year confirmed by director,film_type; original_title; runtime_minutes,cast; countries; genres; languages; studios; writers,0,0,2,Valid,
captain-roughneck-from-st-pauli-1971,Captain Roughneck from St. Pauli,1971,Review required,tt0067319,,,Medium,IMDb candidate requires review,,,0,1,1,Valid,
china-seas-1935,China Seas,1935,Review required,tt0026205,,,Medium,IMDb candidate requires review,,,0,1,1,Valid,
close-quarters-1943,Close Quarters,1943,Enriched,tt0221880,830669,movie,High,Exact title/year confirmed by director,film_type; original_title; release_date; runtime_minutes,genres; writers,0,0,2,Valid,
corvette-k-225-1943,Corvette K-225,1943,Enriched,tt0035757,177751,movie,High,Exact title/year confirmed by director,film_type; original_title; runtime_minutes,cast; countries; directors; genres; languages; writers,0,0,2,Valid,
counter-measures-1998,Counter Measures,1998,Enriched,tt0150209,29895,movie,High,Exact title/year confirmed by director,film_type; original_title; release_date; runtime_minutes,cast; countries; genres; languages; studios; writers,0,0,2,Valid,
crash-dive-1943,Crash Dive,1943,Review required,tt0035763,,,Medium,IMDb candidate requires review,,,0,1,1,Valid,
crash-dive-1996,Crash Dive,1996,Review required,tt0115965,160019,movie,High,Exact title/year confirmed by director,film_type; original_title; release_date; runtime_minutes,cast; countries; genres; languages; studios; writers,1,1,2,Valid,
crimson-tide-1995,Crimson Tide,1995,Enriched,tt0112740,8963,movie,High,Exact title/year confirmed by director,film_type; original_title; runtime_minutes,cast; countries; genres; languages; writers,0,0,2,Valid,
cutthroat-island-1995,Cutthroat Island,1995,Review required,tt0112760,,,Medium,IMDb candidate requires review,,,0,1,1,Valid,
damn-the-defiant-1962,Damn the Defiant,1962,Review required,tt0055884,,,Medium,IMDb candidate requires review,,,0,1,1,Valid,
dangerous-crossing-1953,Dangerous Crossing,1953,Enriched,tt0045669,36330,movie,High,Exact title/year confirmed by director,film_type; original_title; release_date; runtime_minutes,cast; countries; genres; languages; writers,0,0,2,Valid,
das-boot-1981,Das Boot,1981,Review required,tt0082096,,,Medium,IMDb candidate requires review,,,0,1,1,Valid,
dead-calm-1989,Dead Calm,1989,Review required,tt0097162,,,Medium,IMDb candidate requires review,,,0,1,1,Valid,
death-on-the-nile-2022,Death on the Nile,2022,Review required,tt7657566,,,Medium,IMDb candidate requires review,,,0,1,1,Valid,
death-ship-1980,Death Ship,1980,Enriched,tt0080603,31703,movie,High,Exact title/year confirmed by director,film_type; original_title; runtime_minutes,cast; countries; genres; languages; studios; writers,0,0,2,Valid,
deep-rising-1998,Deep Rising,1998,Review required,tt0118956,,,Medium,IMDb candidate requires review,,,0,1,1,Valid,
deep-waters-1948,Deep Waters,1948,Enriched,tt0040281,36336,movie,High,Exact title/year confirmed by director,film_type; original_title; release_date; runtime_minutes,cast; countries; languages; writers,0,0,2,Valid,
deepwater-horizon-2016,Deepwater Horizon,2016,Review required,tt1860357,,,Medium,IMDb candidate requires review,,,0,1,1,Valid,
depth-charge-2008,Depth Charge,2008,Review required,tt1192384,,,Medium,IMDb candidate requires review,,,0,1,1,Valid,
destroyer-1943,Destroyer,1943,Enriched,tt0035800,98404,movie,High,Exact title/year confirmed by director,film_type; original_title; runtime_minutes,cast; countries; directors; genres; languages; writers,0,0,2,Valid,
devil-and-the-deep-1932,Devil and the Deep,1932,Enriched,tt0022814,81037,movie,High,Exact title/year confirmed by director,film_type; original_title; release_date; runtime_minutes,cast; countries; genres; languages; writers,0,0,2,Valid,
down-to-the-sea-in-ships-1922,Down to the Sea in Ships,1922,Review required,tt0013085,175593,movie,High,Exact title/year confirmed by director,film_type; original_title; runtime_minutes,cast; countries; genres; languages; writers,1,1,2,Valid,
down-to-the-sea-in-ships-1949,Down to the Sea in Ships,1949,Enriched,tt0041313,164073,movie,High,Exact title/year confirmed by director,film_type; original_title; release_date; runtime_minutes,cast; countries; genres; languages; writers,0,0,2,Valid,
drifters-1929,Drifters,1929,Enriched,tt0019838,174892,movie,High,Exact title/year confirmed by director,film_type; original_title; runtime_minutes,countries; languages; studios,0,0,2,Valid,
dunkirk-1958,Dunkirk,1958,Review required,tt0051565,17720,movie,High,Exact title/year confirmed by director,film_type; original_title; release_date; runtime_minutes,cast; countries; genres; languages; writers,1,1,2,Valid,
ebb-tide-1922,Ebb Tide,1922,Enriched,tt0013095,910566,movie,High,Exact title/year confirmed by director,film_type; original_title; release_date; runtime_minutes,cast; countries; genres; languages; writers,0,0,2,Valid,
ebb-tide-1937,Ebb Tide,1937,Enriched,tt0028817,245229,movie,High,Exact title/year confirmed by director,film_type; original_title; runtime_minutes,cast; genres; languages; writers,0,0,2,Valid,
fire-down-below-1957,Fire Down Below,1957,Enriched,tt0050397,56188,movie,High,Exact title/year confirmed by director,film_type; original_title; release_date; runtime_minutes,cast; countries; genres; languages; writers,0,0,2,Valid,
flat-top-1952,Flat Top,1952,Review required,tt0044621,,,Medium,IMDb candidate requires review,,,0,1,1,Valid,
fury-at-smugglers-bay-1961,Fury at Smugglers Bay,1961,Enriched,tt0057085,239400,movie,High,Exact title/year confirmed by director,film_type; original_title; release_date; runtime_minutes,cast; countries; genres; languages; studios; writers,0,0,2,Valid,
ghost-of-the-china-sea-1958,Ghost of the China Sea,1958,Review required,tt0051653,,,Medium,IMDb candidate requires review,,,0,1,1,Valid,
ghost-ship-2002,Ghost Ship,2002,Review required,tt0288477,,,Medium,IMDb candidate requires review,,,0,1,1,Valid,
ghosts-of-amistad-2014,Ghosts of Amistad,2014,Unmatched,,,,Unmatched,,,,0,1,0,Valid,
gods-of-the-deep-2024,Gods of the Deep,2024,Review required,tt13316770,854887,movie,High,Exact title/year confirmed by director,film_type; original_title; runtime_minutes,cast; countries; genres; languages; studios; writers,1,1,2,Valid,
going-under-1990,Going Under,1990,Enriched,tt0099675,169953,movie,High,Exact title/year confirmed by director,film_type; original_title; release_date; runtime_minutes,cast; countries; genres; languages; studios; writers,0,0,2,Valid,
gorgo-1961,Gorgo,1961,Enriched,tt0054938,40804,movie,High,Exact title/year confirmed by director,film_type; original_title; release_date; runtime_minutes,cast; countries; genres; languages; writers,0,0,2,Valid,
gray-lady-down-1977,Gray Lady Down,1977,Enriched,tt0077629,31948,movie,High,Exact title/year confirmed by director,film_type; original_title; release_date; runtime_minutes,cast; countries; genres; languages; studios; writers,0,0,2,Valid,
harbinger-down-2015,Harbinger Down,2015,Enriched,tt3397918,296130,movie,High,Exact title/year confirmed by director,film_type; original_title; runtime_minutes,cast; countries; genres; languages; studios; writers,0,0,2,Valid,
hell-and-high-water-1954,Hell and High Water,1954,Enriched,tt0047073,23097,movie,High,Exact title/year confirmed by director,film_type; original_title; release_date; runtime_minutes,cast; countries; genres; languages; writers,0,0,2,Valid,
hell-below-zero-1954,Hell Below Zero,1954,Review required,tt0047072,,,Medium,IMDb candidate requires review,,,0,1,1,Valid,
hell-boats-1970,Hell Boats,1970,Enriched,tt0065825,99356,movie,High,Exact title/year confirmed by director,film_type; original_title; runtime_minutes,cast; countries; genres; studios; writers,0,0,2,Valid,
hellcats-of-the-navy-1957,Hellcats of the Navy,1957,Enriched,tt0050500,82181,movie,High,Exact title/year confirmed by director,film_type; original_title; runtime_minutes,cast; countries; genres; languages; studios; writers,0,0,2,Valid,
heweliusz-2025,Heweliusz,2025,Review required,tt32253092,,,Medium,IMDb candidate requires review,,,0,1,1,Valid,
high-seas-2019,High Seas,2019,Enriched,tt8961508,88239,tv,High,Exact title/year confirmed by director,film_type; original_title; runtime_minutes,cast; countries; directors; genres; languages; writers,0,0,2,Valid,
hostile-waters-1997,Hostile Waters,1997,Enriched,,2131,movie,High,Exact TMDB title/year,film_type; original_title; release_date; runtime_minutes,cast; countries; genres; languages; writers,0,0,1,Valid,
houseboat-1958,Houseboat,1958,Enriched,tt0051745,1377,movie,High,Exact title/year confirmed by director,film_type; original_title; release_date; runtime_minutes,cast; countries; genres; languages; writers,0,0,2,Valid,
humanoids-from-the-deep-1980,Humanoids from the Deep,1980,Enriched,tt0080904,29343,movie,High,Exact title/year confirmed by director,film_type; original_title; runtime_minutes,cast; countries; directors; genres; languages; writers,0,0,2,Valid,
hunter-killer-2018,Hunter Killer,2018,Enriched,tt1846589,399402,movie,High,Exact title/year confirmed by director,film_type; original_title; runtime_minutes,cast; countries; genres; languages; studios; writers,0,0,2,Valid,
in-pursuit-of-the-graf-spee-1956,In Pursuit of the Graf Spee,1956,Unmatched,,,,Unmatched,,,,0,1,0,Valid,
in-the-heart-of-the-sea-2015,In the Heart of the Sea,2015,Enriched,tt1390411,205775,movie,High,Exact title/year confirmed by director,film_type; original_title; runtime_minutes,cast; countries; genres; languages; studios; writers,0,0,2,Valid,
in-which-we-serve-1942,In Which We Serve,1942,Enriched,tt0034891,28093,movie,High,Exact title/year confirmed by director,film_type; original_title; runtime_minutes,cast; countries; genres; languages; studios; writers,0,0,2,Valid,
into-the-deep-2022,Into the Deep,2022,Review required,tt11005128,948333,movie,High,Exact title/year confirmed by director,film_type; original_title; runtime_minutes,cast; countries; genres; languages; studios; writers,1,1,2,Valid,
it-came-from-beneath-the-sea-1955,It Came from Beneath the Sea,1955,Enriched,tt0048215,29959,movie,High,Exact title/year confirmed by director,film_type; original_title; release_date; runtime_minutes,cast; countries; genres; languages; writers,0,0,2,Valid,
jaws-1975,Jaws,1975,Enriched,tt0073195,578,movie,High,Exact title/year confirmed by director,film_type; original_title; runtime_minutes,cast; countries; genres; languages; studios; writers,0,0,2,Valid,
juggernaut-1974,Juggernaut,1974,Review required,tt0071706,,,Medium,IMDb candidate requires review,,,0,1,1,Valid,
k-19-the-widowmaker-2002,K-19: The Widowmaker,2002,Review required,tt0267626,,,Medium,IMDb candidate requires review,,,0,1,1,Valid,
krakatoa-east-of-java-1969,"Krakatoa, East of Java",1969,Enriched,tt0064555,51104,movie,High,Exact title/year confirmed by director,film_type; original_title; release_date; runtime_minutes,cast; countries; genres; languages; studios; writers,0,0,2,Valid,
kursk-2018,Kursk,2018,Review required,tt4951982,401200,movie,High,Exact title/year confirmed by director,film_type; original_title; runtime_minutes,cast; countries; genres; languages; studios; writers,1,1,2,Valid,
last-breath-2019,Last Breath,2019,Review required,tt9056818,570973,movie,High,Exact title/year confirmed by director,film_type; original_title; runtime_minutes,cast; countries; genres; languages; studios; writers,1,1,2,Valid,
last-breath-2025,Last Breath,2025,Enriched,tt14403504,972533,movie,High,Exact title/year confirmed by director,film_type; original_title; release_date; runtime_minutes,cast; countries; genres; languages; studios; writers,0,0,2,Valid,
last-resort-2012,Last Resort,2012,Review required,tt2172103,,,Medium,IMDb candidate requires review,,,0,1,1,Valid,
leviathan-1989,Leviathan,1989,Enriched,tt0097737,14372,movie,High,Exact title/year confirmed by director,film_type; original_title; runtime_minutes,cast; countries; genres; languages; studios; writers,0,0,2,Valid,
life-of-pi-2012,Life of Pi,2012,Review required,tt0454876,,,Medium,IMDb candidate requires review,,,0,1,1,Valid,
lifeboat-1944,Lifeboat,1944,Review required,tt0037017,13321,movie,High,Exact title/year confirmed by director,film_type; original_title; runtime_minutes,cast; countries; genres; languages; writers,1,1,2,Valid,
long-john-silver-1954,Long John Silver,1954,Review required,tt0047189,,,Medium,IMDb candidate requires review,,,0,1,1,Valid,
long-john-silvers-return-to-treasure-island-1954,Long John Silver’s Return to Treasure Island,1954,Review required,tt0047189,,,Medium,IMDb candidate requires review,,,0,1,1,Valid,
lord-jim-1965,Lord Jim,1965,Enriched,tt0059399,11387,movie,High,Exact title/year confirmed by director,film_type; original_title; runtime_minutes,cast; countries; genres; languages; studios; writers,0,0,2,Valid,
lost-island-2018,Lost Island,2018,Review required,tt13668114,,,Medium,IMDb candidate requires review,,,0,1,1,Valid,
lusitania-murder-on-the-atlantic-tv-movie-1998,Lusitania: Murder on the Atlantic (TV Movie),1998,Unmatched,,,,Unmatched,,,,0,1,0,Valid,
master-and-commander-the-far-side-of-the-world-2003,Master and Commander: The Far Side of the World,2003,Enriched,tt0311113,8619,movie,High,Exact title/year confirmed by director,film_type; original_title; runtime_minutes,cast; countries; genres; languages; studios; writers,0,0,2,Valid,
men-without-women-1930,Men Without Women,1930,Enriched,tt0021140,166643,movie,High,Exact title/year confirmed by director,film_type; original_title; release_date; runtime_minutes,cast; countries; genres; languages; writers,0,0,2,Valid,
middle-passage-2001,Middle Passage,2001,Unmatched,,,,Unmatched,,,,0,1,0,Valid,
middle-passage-le-passage-du-milieu-2001,Middle Passage (Le Passage du Milieu),2001,Unmatched,,,,Unmatched,,,,0,1,0,Valid,
midway-1976,Midway,1976,Review required,tt0074899,,,Medium,IMDb candidate requires review,,,0,1,1,Valid,
mission-of-the-shark-the-saga-of-the-uss-indianapolis-tv-movie-1991,Mission of the Shark: The Saga of the USS Indianapolis (TV Movie),1991,Unmatched,,,,Unmatched,,,,0,1,0,Valid,
mister-roberts-1955,Mister Roberts,1955,Review required,tt0048380,,,Medium,IMDb candidate requires review,,,0,1,1,Valid,
moby-dick-1930,Moby Dick,1930,Enriched,tt0021149,177214,movie,High,Exact title/year confirmed by director,film_type; original_title; release_date; runtime_minutes,cast; countries; genres; languages; studios; writers,0,0,2,Valid,
moby-dick-1956,Moby Dick,1956,Review required,tt0049513,10339,movie,High,Exact title/year confirmed by director,film_type; original_title; runtime_minutes,cast; countries; genres; languages; studios; writers,1,1,2,Valid,
moby-dick-1998,Moby Dick,1998,Enriched,tt0120756,31010,tv,High,Exact title/year confirmed by director,original_title; runtime_minutes,cast; countries; genres; languages; studios; writers,0,0,2,Valid,
moby-dick-2010,Moby Dick,2010,Review required,tt1694508,,,Medium,IMDb candidate requires review,,,0,1,1,Valid,
moby-dick-2011,Moby Dick,2011,Enriched,tt1334573,39803,tv,High,Exact title/year confirmed by director,film_type; original_title; runtime_minutes,cast; directors; genres; languages; studios; writers,0,0,2,Valid,
morituri-1965,Morituri,1965,Review required,tt0059470,,,Medium,IMDb candidate requires review,,,0,1,1,Valid,
morning-departure-1950,Morning Departure,1950,Review required,tt0042810,,,Medium,IMDb candidate requires review,,,0,1,1,Valid,
mr-roberts-1955,Mr. Roberts,1955,Review required,tt0048380,,,Medium,IMDb candidate requires review,,,0,1,1,Valid,
murphy-s-war-1971,Murphy's War,1971,Enriched,tt0067458,35068,movie,High,Exact title/year confirmed by director,film_type; original_title; release_date; runtime_minutes,cast; countries; genres; languages; studios; writers,0,0,2,Valid,
mutiny-1952,Mutiny,1952,Review required,tt0044936,,,Medium,IMDb candidate requires review,,,0,1,1,Valid,
mutiny-on-the-bounty-1935,Mutiny on the Bounty,1935,Enriched,tt0026752,12311,movie,High,Exact title/year confirmed by director,film_type; original_title; runtime_minutes,cast; countries; genres; languages; studios; writers,0,0,2,Valid,
mutiny-on-the-bounty-1962,Mutiny on the Bounty,1962,Review required,tt0056264,,,Medium,IMDb candidate requires review,,,0,1,1,Valid,
narvik-2022,Narvik,2022,Enriched,tt9737876,619930,movie,High,Exact TMDB title/year,film_type; original_title; runtime_minutes,cast; countries; genres; languages; studios; writers,0,0,2,Valid,
north-sea-1938,North Sea,1938,Review required,tt0151775,129366,movie,High,Exact title/year confirmed by director,film_type; original_title; runtime_minutes,cast; countries; genres; languages; studios; writers,1,1,2,Valid,
north-sea-hijack-1980,North Sea Hijack,1980,Review required,tt0081809,390253,movie,High,Exact title/year confirmed by director,film_type; original_title; release_date; runtime_minutes,cast; countries; genres; languages; studios; writers,1,1,2,Valid,
nowhere-2023,Nowhere,2023,Review required,tt15789472,1151534,movie,High,Exact title/year confirmed by director,film_type; original_title; runtime_minutes,cast; countries; genres; languages; studios; writers,1,1,2,Valid,
o-descobrimento-do-brasil-1937,O Descobrimento do Brasil,1937,Review required,tt0028780,194710,movie,High,Exact title/year confirmed by director,film_type; original_title; release_date; runtime_minutes,cast; countries; genres; languages; writers,1,1,2,Valid,
on-the-beach-1959,On the Beach,1959,Enriched,tt0053137,35412,movie,High,Exact title/year confirmed by director,film_type; original_title; release_date; runtime_minutes,cast; countries; genres; languages; studios; writers,0,0,2,Valid,
on-the-beach-tv-movie-2000,On the Beach (TV Movie),2000,Unmatched,,,,Unmatched,,,,0,1,0,Valid,
on-the-waterfront-1954,On the Waterfront,1954,Enriched,tt0047296,654,movie,High,Exact title/year confirmed by director,film_type; original_title; runtime_minutes,cast; countries; genres; languages; writers,0,0,2,Valid,
operation-mekong-2016,Operation Mekong,2016,Review required,tt6044910,415214,movie,High,Exact title/year confirmed by director,film_type; original_title; runtime_minutes,cast; countries; directors; genres; languages; studios; writers,1,1,2,Valid,
operation-pacific-1951,Operation Pacific,1951,Review required,tt0043887,,,Medium,IMDb candidate requires review,,,0,1,1,Valid,
operation-petticoat-1959,Operation Petticoat,1959,Review required,tt0053143,,,Medium,IMDb candidate requires review,,,0,1,1,Valid,
operation-seawolf-2022,Operation Seawolf,2022,Review required,tt13429928,,,Medium,IMDb candidate requires review,,,0,1,1,Valid,
pacific-destiny-1956,Pacific Destiny,1956,Review required,tt0049588,,,Medium,IMDb candidate requires review,,,0,1,1,Valid,
passage-to-marseilles-1944,Passage to Marseilles,1944,Unmatched,,,,Unmatched,,,,0,1,0,Valid,
phantom-2013,Phantom,2013,Review required,tt3088580,,,Medium,IMDb candidate requires review,,,0,1,1,Valid,
piper-pixar-short-2016,Piper (Pixar short),2016,Unmatched,,,,Unmatched,,,,0,1,0,Valid,
pirates-of-the-caribbean-the-curse-of-the-black-pearl-2003,Pirates of the Caribbean: The Curse of the Black Pearl,2003,Review required,tt0325980,,,Medium,IMDb candidate requires review,,,0,1,1,Valid,
plymouth-adventure-1952,Plymouth Adventure,1952,Review required,tt0045039,,,Medium,IMDb candidate requires review,,,0,1,1,Valid,
poseidon-2006,Poseidon,2006,Review required,tt0409182,,,Medium,IMDb candidate requires review,,,0,1,1,Valid,
pq-17-1980,PQ 17,1980,Unmatched,,,,Unmatched,,,,0,1,0,Valid,
pt-109-1963,PT 109,1963,Review required,tt0057393,,,Medium,IMDb candidate requires review,,,0,1,1,Valid,
pt-109-1963-2,PT-109,1963,Enriched,tt0057393,27858,movie,High,Exact title/year confirmed by director,film_type; original_title; release_date; runtime_minutes,cast; countries; genres; languages; studios; writers,0,0,2,Valid,
pursuit-of-the-graf-spee-1956,Pursuit of the Graf Spee,1956,Review required,tt0048990,,,Medium,IMDb candidate requires review,,,0,1,1,Valid,
reap-the-wild-wind-1942,Reap the Wild Wind,1942,Review required,tt0035244,63617,movie,High,Exact title/year confirmed by director,film_type; original_title; release_date; runtime_minutes,cast; countries; genres; languages; writers,1,1,2,Valid,
rendezvous-with-death-1950,Rendezvous with Death,1950,Unmatched,,,,Unmatched,,,,0,1,0,Valid,
return-to-treasure-island-1954,Return to Treasure Island,1954,Review required,tt0047406,,,Medium,IMDb candidate requires review,,,0,1,1,Valid,
riddle-of-the-sands-1979,Riddle of the Sands,1979,Unmatched,,,,Unmatched,,,,0,1,0,Valid,
robinson-crusoe-1954,Robinson Crusoe,1954,Review required,tt0044386,,,Medium,IMDb candidate requires review,,,0,1,1,Valid,
romance-on-the-high-seas-1948,Romance on the High Seas,1948,Review required,tt0040745,,,Medium,IMDb candidate requires review,,,0,1,1,Valid,
run-silent-run-deep-1958,"Run Silent, Run Deep",1958,Enriched,tt0052151,18784,movie,High,Exact title/year confirmed by director,film_type; original_title; runtime_minutes,cast; countries; genres; languages; studios; writers,0,0,2,Valid,
sailor-of-the-king-1953,Sailor of the King,1953,Review required,tt0046267,,,Medium,IMDb candidate requires review,,,0,1,1,Valid,
satan-s-triangle-1975,Satan's Triangle,1975,Enriched,tt0073662,87895,movie,High,Exact title/year confirmed by director,film_type; original_title; runtime_minutes,cast; countries; genres; languages; writers,0,0,2,Valid,
sea-devils-1953,Sea Devils,1953,Enriched,tt0046286,128048,movie,High,Exact title/year confirmed by director,film_type; original_title; release_date; runtime_minutes,cast; countries; genres; languages; writers,0,0,2,Valid,
sea-fury-1929,Sea Fury,1929,Review required,tt0020379,,,Medium,IMDb candidate requires review,,,0,1,1,Valid,
sea-fury-1958,Sea Fury,1958,Review required,tt0052170,284765,movie,High,Exact title/year confirmed by director,film_type; original_title; release_date; runtime_minutes,cast; countries; genres; languages; studios; writers,1,1,2,Valid,
sea-tiger-1952,Sea Tiger,1952,Enriched,tt0045129,673915,movie,High,Exact title/year confirmed by director,film_type; original_title; release_date; runtime_minutes,cast; countries; genres; languages; studios; writers,0,0,2,Valid,
sea-wife-1957,Sea Wife,1957,Enriched,tt0050944,79730,movie,High,Exact title/year confirmed by director,film_type; original_title; release_date; runtime_minutes,cast; countries; genres; languages; studios; writers,0,0,2,Valid,
seagulls-over-sorrento-1954,Seagulls over Sorrento,1954,Enriched,tt0046877,200244,movie,High,Exact title/year confirmed by director,film_type; original_title; release_date; runtime_minutes,cast; countries; genres; languages; studios; writers,0,0,2,Valid,
secrets-of-the-dead-slave-ship-mutiny-2010,Secrets of the Dead: Slave Ship Mutiny,2010,Unmatched,,,,Unmatched,,,,0,1,0,Valid,
seven-waves-away-1957,Seven Waves Away,1957,Enriched,tt0050091,98289,movie,High,Exact title/year confirmed by director,film_type; original_title; runtime_minutes,cast; countries; genres; languages; studios; writers,0,0,2,Valid,
seven-waves-away-abandon-ship-1957,Seven Waves Away (Abandon Ship!),1957,Unmatched,,,,Unmatched,,,,0,1,0,Valid,
seven-were-saved-1947,Seven Were Saved,1947,Enriched,tt0039816,150063,movie,High,Exact title/year confirmed by director,film_type; original_title; runtime_minutes,cast; countries; genres; languages; studios; writers,0,0,2,Valid,
ship-of-fools-1965,Ship of Fools,1965,Enriched,tt0059712,30080,movie,High,Exact title/year confirmed by director,film_type; original_title; release_date; runtime_minutes,cast; countries; genres; languages; studios; writers,0,0,2,Valid,
shout-at-the-devil-1976,Shout at the Devil,1976,Review required,tt0075214,39419,movie,High,Exact title/year confirmed by director,film_type; original_title; release_date; runtime_minutes,cast; countries; genres; languages; studios; writers,1,1,2,Valid,
sink-the-bismarck-1960,Sink the Bismarck!,1960,Enriched,tt0054310,18780,movie,High,Exact title/year confirmed by director,film_type; original_title; runtime_minutes,cast; countries; genres; languages; writers,0,0,2,Valid,
son-of-fury-the-story-of-benjamin-blake-1942,Son of Fury: The Story of Benjamin Blake,1942,Review required,tt0035360,,,Medium,IMDb candidate requires review,,,0,1,1,Valid,
souls-at-sea-1937,Souls at Sea,1937,Enriched,tt0029593,43419,movie,High,Exact title/year confirmed by director,film_type; original_title; runtime_minutes,cast; countries; genres; languages; writers,0,0,2,Valid,
speed-2-cruise-control-1997,Speed 2: Cruise Control,1997,Review required,tt0120179,,,Medium,IMDb candidate requires review,,,0,1,1,Valid,
sphere-1998,Sphere,1998,Enriched,tt0120184,10153,movie,High,Exact title/year confirmed by director,film_type; original_title; runtime_minutes,cast; countries; genres; languages; studios; writers,0,0,2,Valid,
submarine-alert-1943,Submarine Alert,1943,Enriched,tt0036397,80259,movie,High,Exact title/year confirmed by director,film_type; original_title; release_date; runtime_minutes,cast; countries; genres; languages; writers,0,0,2,Valid,
submarine-raider-1942,Submarine Raider,1942,Review required,tt0035391,,,Medium,IMDb candidate requires review,,,0,1,1,Valid,
submarine-x-1-1968,Submarine X-1,1968,Review required,tt0063655,,,Medium,IMDb candidate requires review,,,0,1,1,Valid,
swiss-family-robinson-1960,Swiss Family Robinson,1960,Review required,tt0054357,,,Medium,IMDb candidate requires review,,,0,1,1,Valid,
tamango-1958,Tamango,1958,Review required,tt0051049,121358,movie,High,Exact title/year confirmed by director,film_type; original_title; release_date; runtime_minutes,cast; countries; genres; languages; studios; writers,1,1,2,Valid,
task-force-1949,Task Force,1949,Review required,tt0041948,,,Medium,IMDb candidate requires review,,,0,1,1,Valid,
terra-nova-2022,Terra Nova,2022,Review required,tt29919910,,,Medium,IMDb candidate requires review,,,0,1,1,Valid,
the-7th-voyage-of-sinbad-1958,The 7th Voyage of Sinbad,1958,Enriched,tt0051337,15515,movie,High,Exact title/year confirmed by director,film_type; original_title; release_date; runtime_minutes,cast; countries; genres; languages; writers,0,0,2,Valid,
the-african-queen-1951,The African Queen,1951,Review required,tt0043265,,,Medium,IMDb candidate requires review,,,0,1,1,Valid,
the-arctic-convoy-2023,The Arctic Convoy,2023,Review required,tt27724113,983044,movie,High,Exact title/year confirmed by director,film_type; original_title; runtime_minutes,cast; countries; genres; languages; studios; writers,1,1,2,Valid,
the-battle-of-the-river-plate-1956,The Battle of the River Plate,1956,Enriched,tt0048990,17591,movie,High,Exact title/year confirmed by director,film_type; original_title; runtime_minutes,cast; countries; genres; languages; studios; writers,0,0,2,Valid,
the-bedford-incident-1965,The Bedford Incident,1965,Enriched,tt0058962,17744,movie,High,Exact title/year confirmed by director,film_type; original_title; runtime_minutes,cast; countries; genres; languages; studios; writers,0,0,2,Valid,
the-black-swan-1942,The Black Swan,1942,Enriched,tt0034522,29882,movie,High,Exact title/year confirmed by director,film_type; original_title; release_date; runtime_minutes,cast; countries; genres; languages; writers,0,0,2,Valid,
the-boat-that-rocked-pirate-radio-2009,The Boat That Rocked (Pirate Radio),2009,Unmatched,,,,Unmatched,,,,0,1,0,Valid,
the-bounty-1984,The Bounty,1984,Enriched,tt0086993,2669,movie,High,Exact title/year confirmed by director,film_type; original_title; release_date; runtime_minutes,cast; countries; genres; languages; studios; writers,0,0,2,Valid,
the-burning-sea-2022,The Burning Sea,2022,Enriched,tt12753120,623511,movie,High,Exact title/year confirmed by director,film_type; original_title; runtime_minutes,cast; countries; genres; languages; studios; writers,0,0,2,Valid,
the-caine-mutiny-1954,The Caine Mutiny,1954,Enriched,tt0046816,10178,movie,High,Exact title/year confirmed by director,film_type; original_title; runtime_minutes,cast; countries; genres; languages; studios; writers,0,0,2,Valid,
the-cockleshell-heroes-1955,The Cockleshell Heroes,1955,Enriched,tt0049083,65114,movie,High,Exact title/year confirmed by director,film_type; original_title; release_date; runtime_minutes,cast; countries; genres; languages; writers,0,0,2,Valid,
the-cruel-sea-1953,The Cruel Sea,1953,Enriched,tt0045659,16914,movie,High,Exact title/year confirmed by director,film_type; original_title; runtime_minutes,cast; countries; genres; languages; studios; writers,0,0,2,Valid,
the-decks-ran-red-1958,The Decks Ran Red,1958,Enriched,tt0051524,113144,movie,High,Exact title/year confirmed by director,film_type; original_title; release_date; runtime_minutes,cast; countries; genres; languages; studios; writers,0,0,2,Valid,
the-deep-1977,The Deep,1977,Enriched,tt0075925,20416,movie,High,Exact title/year confirmed by director,film_type; original_title; runtime_minutes,cast; countries; genres; languages; studios; writers,0,0,2,Valid,
the-deep-six-1958,The Deep Six,1958,Review required,tt0050298,,,Medium,IMDb candidate requires review,,,0,1,1,Valid,
the-enemy-below-1957,The Enemy Below,1957,Review required,tt0050356,,,Medium,IMDb candidate requires review,,,0,1,1,Valid,
the-eternal-sea-1955,The Eternal Sea,1955,Enriched,tt0048047,259692,movie,High,Exact title/year confirmed by director,film_type; original_title; runtime_minutes,cast; countries; genres; languages; writers,0,0,2,Valid,
the-finest-hours-2016,The Finest Hours,2016,Review required,tt2025690,,,Medium,IMDb candidate requires review,,,0,1,1,Valid,
the-flying-missile-1950,The Flying Missile,1950,Enriched,tt0042468,241266,movie,High,Exact title/year confirmed by director,film_type; original_title; release_date; runtime_minutes,cast; countries; genres; languages; writers,0,0,2,Valid,
the-fortunes-of-captain-blood-1950,The Fortunes of Captain Blood,1950,Unmatched,,,,Unmatched,,,,0,1,0,Valid,
the-frogmen-1951,The Frogmen,1951,Review required,tt0043565,,,Medium,IMDb candidate requires review,,,0,1,1,Valid,
the-great-war-of-archimedes-2019,The Great War of Archimedes,2019,Enriched,tt8708802,605389,movie,High,Exact title/year confirmed by director,film_type; original_title; runtime_minutes,cast; countries; genres; languages; studios; writers,0,0,2,Valid,
the-guardian-2006,The Guardian,2006,Review required,tt0462326,,,Medium,IMDb candidate requires review,,,0,1,1,Valid,
the-hunt-for-red-october-1990,The Hunt for Red October,1990,Enriched,tt0099810,1669,movie,High,Exact title/year confirmed by director,film_type; original_title; runtime_minutes,cast; countries; genres; languages; studios; writers,0,0,2,Valid,
the-icebreaker-2016,The Icebreaker,2016,Review required,tt5317914,393277,movie,High,Exact title/year confirmed by director,film_type; original_title; release_date; runtime_minutes,cast; countries; genres; languages; studios; writers,1,1,2,Valid,
the-key-1958,The Key,1958,Enriched,tt0051816,102081,movie,High,Exact title/year confirmed by director,film_type; original_title; release_date; runtime_minutes,cast; countries; genres; languages; studios; writers,0,0,2,Valid,
the-last-push-2023,The Last Push,2023,Enriched,tt28221985,,,High,Exact title/year confirmed by director,film_type; runtime_minutes,genres; writers,0,0,1,Valid,
the-last-ship-2014,The Last Ship,2014,Review required,tt2402207,,,Medium,IMDb candidate requires review,,,0,1,1,Valid,
the-life-aquatic-with-steve-zissou-2004,The Life Aquatic with Steve Zissou,2004,Review required,tt0362270,,,Medium,IMDb candidate requires review,,,0,1,1,Valid,
the-long-ships-1964,The Long Ships,1964,Enriched,tt0057259,44736,movie,High,Exact title/year confirmed by director,film_type; original_title; release_date; runtime_minutes,cast; countries; genres; languages; studios; writers,0,0,2,Valid,
the-long-voyage-home-1940,The Long Voyage Home,1940,Enriched,tt0032728,52859,movie,High,Exact title/year confirmed by director,film_type; original_title; release_date; runtime_minutes,cast; countries; genres; languages; studios; writers,0,0,2,Valid,
the-meg-2018,The Meg,2018,Enriched,tt4779682,345940,movie,High,Exact title/year confirmed by director,film_type; original_title; runtime_minutes,cast; countries; genres; languages; studios; writers,0,0,2,Valid,
the-mercy-2017,The Mercy,2017,Review required,tt3319730,,,Medium,IMDb candidate requires review,,,0,1,1,Valid,
moana-2016,Moana,2016,Enriched,tt3521164,277834,movie,High,Exact title/year confirmed by director,original_title; release_date; runtime_minutes,cast; countries; directors; genres; languages; writers,0,0,2,Valid,
moana-2-2024,Moana 2,2024,Enriched,tt13622970,1241982,movie,High,Exact title/year confirmed by director,original_title; release_date; runtime_minutes,cast; countries; directors; genres; languages; writers,0,0,2,Valid,
the-neptune-factor-1973,The Neptune Factor,1973,Review required,tt0070438,,,Medium,IMDb candidate requires review,,,0,1,1,Valid,
the-north-water-2021,The North Water,2021,Enriched,tt7660970,86941,tv,High,Exact title/year confirmed by director,film_type; original_title; release_date; runtime_minutes,cast; countries; genres; languages; studios; writers,0,0,2,Valid,
the-old-man-and-the-sea-1958,The Old Man and the Sea,1958,Review required,tt0052027,,,Medium,IMDb candidate requires review,,,0,1,1,Valid,
the-perfect-storm-2000,The Perfect Storm,2000,Review required,tt0177971,,,Medium,IMDb candidate requires review,,,0,1,1,Valid,
the-pirate-of-the-seven-seas-1953,The Pirate of the Seven Seas,1953,Unmatched,,,,Unmatched,,,,0,1,0,Valid,
the-pirates-of-blood-river-1962,The Pirates of Blood River,1962,Enriched,tt0056350,58733,movie,High,Exact title/year confirmed by director,film_type; original_title; release_date; runtime_minutes,cast; countries; genres; languages; writers,0,0,2,Valid,
the-poseidon-adventure-1972,The Poseidon Adventure,1972,Review required,tt0069113,,,Medium,IMDb candidate requires review,,,0,1,1,Valid,
the-poseidon-adventure-2005,The Poseidon Adventure,2005,Review required,tt0419358,,,Medium,IMDb candidate requires review,,,0,1,1,Valid,
the-princess-and-the-pirate-1944,The Princess and the Pirate,1944,Enriched,tt0037193,30506,movie,High,Exact title/year confirmed by director,film_type; original_title; release_date; runtime_minutes,cast; countries; directors; genres; languages; studios; writers,0,0,2,Valid,
the-rebels-of-pt-218,The Rebels of PT-218,,Review required,tt13497908,,,Medium,IMDb candidate requires review,,,0,1,1,Valid,
the-sand-pebbles-1966,The Sand Pebbles,1966,Review required,tt0060934,5923,movie,High,Exact title/year confirmed by director,film_type; original_title; runtime_minutes,cast; countries; genres; languages; studios; writers,1,1,2,Valid,
the-savings-of-bill-blewett-1936,The Savings of Bill Blewett,1936,Unmatched,,,,Unmatched,,,,0,1,0,Valid,
the-sea-hornet-1951,The Sea Hornet,1951,Enriched,tt0044010,432386,movie,High,Exact title/year confirmed by director,film_type; original_title; runtime_minutes,cast; countries; genres; languages; writers,0,0,2,Valid,
the-sea-raiders-of-tortuga-pirates-of-tortuga-1961,The Sea Raiders of Tortuga (Pirates of Tortuga),1961,Unmatched,,,,Unmatched,,,,0,1,0,Valid,
the-sea-shall-not-have-them-1954,The Sea Shall Not Have Them,1954,Enriched,tt0047463,65799,movie,High,Exact title/year confirmed by director,film_type; original_title; runtime_minutes,cast; countries; genres; languages; writers,0,0,2,Valid,
the-sea-wolf-1941,The Sea Wolf,1941,Enriched,tt0034162,33931,movie,High,Exact title/year confirmed by director,film_type; original_title; runtime_minutes,cast; countries; genres; languages; studios; writers,0,0,2,Valid,
the-sea-wolf-1993,The Sea Wolf,1993,Review required,tt0108061,,,Medium,IMDb candidate requires review,,,0,1,1,Valid,
the-sea-wolf-1997,The Sea Wolf,1997,Review required,tt0120084,,,Medium,IMDb candidate requires review,,,0,1,1,Valid,
the-sea-wolf-2009,The Sea Wolf,2009,Review required,tt1182323,,,Medium,IMDb candidate requires review,,,0,1,1,Valid,
the-sea-wolves-1980,The Sea Wolves,1980,Review required,tt0081470,,,Medium,IMDb candidate requires review,,,0,1,1,Valid,
the-seas-beneath-1931,The Seas Beneath,1931,Enriched,tt0022353,117001,movie,High,Exact title/year confirmed by director,film_type; original_title; runtime_minutes,cast; countries; genres; languages; writers,0,0,2,Valid,
the-seas-shall-not-have-them-1954,The Seas Shall Not Have Them,1954,Unmatched,,,,Unmatched,,,,0,1,0,Valid,
the-secret-of-the-purple-reef-1960,The Secret of the Purple Reef,1960,Enriched,tt0054283,236144,movie,High,Exact title/year confirmed by director,film_type; original_title; release_date; runtime_minutes,cast; countries; genres; languages; studios; writers,0,0,2,Valid,
the-secret-sharer-2014,The Secret Sharer,2014,Unmatched,,,,Unmatched,,,,0,1,0,Valid,
the-seekers-1954,The Seekers,1954,Review required,tt0047467,,,Medium,IMDb candidate requires review,,,0,1,1,Valid,
the-ship-that-died-of-shame-1955,The Ship That Died of Shame,1955,Review required,tt0048611,75795,movie,High,Exact title/year confirmed by director,film_type; original_title; runtime_minutes,cast; countries; genres; languages; writers,1,1,2,Valid,
the-silent-enemy-1958,The Silent Enemy,1958,Enriched,tt0052197,25387,movie,High,Exact title/year confirmed by director,film_type; original_title; release_date; runtime_minutes,cast; countries; genres; languages; studios; writers,0,0,2,Valid,
the-silent-service-uss-sculpin-story-1957,The Silent Service: USS Sculpin Story,1957,Unmatched,,,,Unmatched,,,,0,1,0,Valid,
the-silent-world-1956,The Silent World,1956,Enriched,tt0049518,60234,movie,High,Exact title/year confirmed by director,original_title; release_date; runtime_minutes,cast; countries; genres; languages; studios; writers,0,0,2,Valid,
the-snail-and-the-whale-2019,The Snail and the Whale,2019,Review required,tt9303756,655424,movie,High,Exact title/year confirmed by director,original_title; runtime_minutes,cast; countries; genres; languages; writers,1,1,2,Valid,
the-spy-in-black-1939,The Spy in Black,1939,Review required,tt0031968,,,Medium,IMDb candidate requires review,,,0,1,1,Valid,
the-spy-who-loved-me-1977,The Spy Who Loved Me,1977,Review required,tt0076752,,,Medium,IMDb candidate requires review,,,0,1,1,Valid,
the-valiant-1962,The Valiant,1962,Review required,tt0056645,,,Medium,IMDb candidate requires review,,,0,1,1,Valid,
the-voyage-of-sinbad-the-golden-voyage-of-sinbad-1973,The Voyage of Sinbad (The Golden Voyage of Sinbad),1973,Unmatched,,,,Unmatched,,,,0,1,0,Valid,
the-wackiest-ship-in-the-army-1960,The Wackiest Ship in the Army,1960,Enriched,tt0054453,43752,movie,High,Exact title/year confirmed by director,film_type; original_title; release_date; runtime_minutes,cast; countries; genres; languages; writers,0,0,2,Valid,
the-wake-of-the-red-witch-1948,The Wake of the Red Witch,1948,Unmatched,,,,Unmatched,,,,0,1,0,Valid,
the-wolf-s-call-2019,The Wolf's Call,2019,Review required,tt7458762,484468,movie,High,Exact title/year confirmed by director,film_type; original_title; runtime_minutes,cast; countries; genres; languages; studios; writers,1,1,2,Valid,
the-woman-in-cabin-10-2025,The Woman in Cabin 10,2025,Review required,tt7130300,1290879,movie,High,Exact title/year confirmed by director,film_type; original_title; runtime_minutes,cast; countries; genres; languages; studios; writers,1,1,2,Valid,
the-wreck-of-the-hesperus-1927,The Wreck of the Hesperus,1927,Enriched,tt0018597,289282,movie,High,Exact title/year confirmed by director,film_type; original_title; release_date; runtime_minutes,cast; countries; genres; languages; studios; writers,0,0,2,Valid,
the-wreck-of-the-hesperus-1948,The Wreck of the Hesperus,1948,Enriched,tt0040977,427302,movie,High,Exact title/year confirmed by director,film_type; original_title; release_date; runtime_minutes,cast; countries; genres; languages; writers,0,0,2,Valid,
the-wreck-of-the-mary-deare-1959,The Wreck of the Mary Deare,1959,Review required,tt0053455,,,Medium,IMDb candidate requires review,,,0,1,1,Valid,
they-were-expendable-1945,They Were Expendable,1945,Enriched,tt0038160,18771,movie,High,Exact title/year confirmed by director,film_type; original_title; runtime_minutes,cast; countries; directors; genres; languages; studios; writers,0,0,2,Valid,
torpedo-alley-1952,Torpedo Alley,1952,Enriched,tt0046450,240650,movie,High,Exact title/year confirmed by director,film_type; original_title; runtime_minutes,cast; countries; genres; languages; studios; writers,0,0,2,Valid,
torpedo-run-1958,Torpedo Run,1958,Enriched,tt0052303,69977,movie,High,Exact title/year confirmed by director,film_type; original_title; runtime_minutes,cast; countries; genres; languages; studios; writers,0,0,2,Valid,
torpedo-u-235-2020,Torpedo U-235,2020,Enriched,tt8829128,554022,movie,High,Exact TMDB title/year,film_type; original_title; release_date; runtime_minutes,cast; countries; genres; languages; studios; writers,0,0,2,Valid,
torpedo-zone-1954,Torpedo Zone,1954,Review required,tt0047048,269318,movie,High,Exact title/year confirmed by director,film_type; original_title; release_date; runtime_minutes,cast; countries; genres; languages; studios; writers,1,1,2,Valid,
trawler-boy-1956,Trawler Boy,1956,Unmatched,,,,Unmatched,,,,0,1,0,Valid,
treasure-island-1950,Treasure Island,1950,Enriched,tt0043067,6646,movie,High,Exact title/year confirmed by director,film_type; original_title; runtime_minutes,cast; countries; genres; languages; writers,0,0,2,Valid,
treasure-planet-2002,Treasure Planet,2002,Review required,tt0133240,9016,movie,High,Exact title/year confirmed by director,original_title; runtime_minutes,cast; countries; genres; languages; writers,1,1,2,Valid,
true-spirit-2023,True Spirit,2023,Enriched,tt2353868,739986,movie,High,Exact title/year confirmed by director,film_type; original_title; runtime_minutes,cast; countries; genres; languages; studios; writers,0,0,2,Valid,
two-years-before-the-mast-1946,Two Years Before the Mast,1946,Enriched,tt0039056,264720,movie,High,Exact title/year confirmed by director,film_type; original_title; runtime_minutes,cast; countries; genres; languages; writers,0,0,2,Valid,
two-man-submarine-1944,Two-Man Submarine,1944,Enriched,tt0037409,262924,movie,High,Exact title/year confirmed by director,film_type; original_title; release_date; runtime_minutes,cast; countries; genres; languages; writers,0,0,2,Valid,
tyrant-of-the-sea-1950,Tyrant of the Sea,1950,Enriched,tt0043083,524243,movie,High,Exact title/year confirmed by director,film_type; original_title; runtime_minutes,cast; genres; languages; writers,0,0,2,Valid,
u-571-2000,U-571,2000,Review required,tt0141926,,,Medium,IMDb candidate requires review,,,0,1,1,Valid,
u-67-1932,U-67,1932,Review required,tt0022352,,,Medium,IMDb candidate requires review,,,0,1,1,Valid,
u-boat-prisoner-1944,U-boat Prisoner,1944,Review required,tt0037411,,,Medium,IMDb candidate requires review,,,0,1,1,Valid,
under-siege-1992,Under Siege,1992,Review required,tt0105690,8845,movie,High,Exact title/year confirmed by director,film_type; original_title; runtime_minutes,cast; countries; genres; languages; studios; writers,1,1,2,Valid,
uss-indianapolis-men-of-courage-2016,USS Indianapolis: Men of Courage,2016,Review required,tt2032572,,,Medium,IMDb candidate requires review,,,0,1,1,Valid,
uss-seaviper-2012,USS Seaviper,2012,Review required,tt1274596,,,Medium,IMDb candidate requires review,,,0,1,1,Valid,
vanishing-voyage-1953,Vanishing Voyage,1953,Review required,tt0045669,,,Medium,IMDb candidate requires review,,,0,1,1,Valid,
voyage-of-the-damned-1976,Voyage of the Damned,1976,Enriched,tt0075406,75641,movie,High,Exact title/year confirmed by director,film_type; original_title; runtime_minutes,cast; countries; genres; languages; studios; writers,0,0,2,Valid,
voyage-to-the-bottom-of-the-sea-1961,Voyage to the Bottom of the Sea,1961,Review required,tt0055608,,,Medium,IMDb candidate requires review,,,0,1,1,Valid,
war-sailor-2022,War Sailor,2022,Enriched,tt17633184,924154,movie,High,Exact title/year confirmed by director,original_title; runtime_minutes,cast; countries; genres; languages; studios; writers,0,0,2,Valid,
warship-1973,Warship,1973,Review required,tt0139806,,,Medium,IMDb candidate requires review,,,0,1,1,Valid,
waterworld-1995,Waterworld,1995,Enriched,tt0114898,9804,movie,High,Exact title/year confirmed by director,film_type; original_title; runtime_minutes,cast; countries; genres; languages; studios; writers,0,0,2,Valid,
we-dive-at-dawn-1943,We Dive at Dawn,1943,Enriched,tt0036516,43519,movie,High,Exact title/year confirmed by director,film_type; original_title; release_date; runtime_minutes,cast; countries; genres; languages; writers,0,0,2,Valid,
western-approaches-1944,Western Approaches,1944,Review required,tt0037455,,,Medium,IMDb candidate requires review,,,0,1,1,Valid,
what-lurks-beneath-2024,What Lurks Beneath,2024,Review required,tt32307249,,,Medium,IMDb candidate requires review,,,0,1,1,Valid,
what-waits-below-1984,What Waits Below,1984,Enriched,tt0088392,28867,movie,High,Exact title/year confirmed by director,film_type; original_title; release_date; runtime_minutes,cast; countries; genres; languages; studios; writers,0,0,2,Valid,
when-eight-bells-toll-1971,When Eight Bells Toll,1971,Enriched,tt0067976,38654,movie,High,Exact title/year confirmed by director,film_type; original_title; release_date; runtime_minutes,cast; countries; genres; languages; studios; writers,0,0,2,Valid,
wind-1992,Wind,1992,Review required,tt4807718,,,Medium,IMDb candidate requires review,,,0,1,1,Valid,
wing-and-a-prayer-1944,Wing and a Prayer,1944,Enriched,tt0037466,69847,movie,High,Exact title/year confirmed by director,film_type; original_title; release_date; runtime_minutes,cast; countries; genres; languages; writers,0,0,2,Valid,
yakamoz-s-245-2022,Yakamoz S-245,2022,Review required,tt13317454,,,Medium,IMDb candidate requires review,,,0,1,1,Valid,
yangtze-incident-the-story-of-hms-amethyst-1957,Yangtze Incident: The Story of HMS Amethyst,1957,Unmatched,,,,Unmatched,,,,0,1,0,Valid,
youre-in-the-navy-now-1951,You’re in the Navy Now,1951,Review required,tt0044224,,,Medium,IMDb candidate requires review,,,0,1,1,Valid,
sons-of-the-sea-1939,Sons of the Sea,1939,Enriched,tt0031954,180793,movie,High,Exact title/year confirmed by director,original_title; runtime_minutes,cast; countries; genres; languages; writers,0,0,2,Valid,
ebb-tide-1937-2,Ebb Tide,1937,Enriched,tt0028817,245229,movie,High,Exact title/year confirmed by director,film_type; original_title; runtime_minutes,cast; genres; languages; writers,0,0,2,Valid,
swept-away-1974,Swept Away,1974,Review required,tt0073817,37916,movie,High,Exact title/year confirmed by director,film_type; original_title; runtime_minutes,cast; countries; genres; languages; studios; writers,1,1,2,Valid,
the-black-swan-1942-2,The Black Swan,1942,Enriched,tt0034522,29882,movie,High,Exact title/year confirmed by director,film_type; original_title; runtime_minutes,cast; countries; genres; languages; studios; writers,0,0,2,Valid,
city-beneath-the-sea-1953,City Beneath the Sea,1953,Enriched,tt0045630,49327,movie,High,Exact title/year confirmed by director,film_type; original_title; runtime_minutes,cast; countries; genres; languages; writers,0,0,2,Valid,
mystery-sea-raider-1940,Mystery Sea Raider,1940,Review required,tt0032834,230442,movie,High,Exact title/year confirmed by director,film_type; original_title; runtime_minutes,cast; countries; genres; languages; writers,1,1,2,Valid,
convoy-1940,Convoy,1940,Review required,tt0032359,130989,movie,High,Exact title/year confirmed by director,film_type; original_title; release_date; runtime_minutes,cast; countries; genres; languages; writers,1,1,2,Valid,
we-dive-at-dawn-1943-2,We Dive at Dawn,1943,Enriched,tt0036516,43519,movie,High,Exact title/year confirmed by director,film_type; original_title; runtime_minutes,cast; countries; genres; languages; writers,0,0,2,Valid,
the-mutiny-of-the-elsinore-1937,The Mutiny of the Elsinore,1937,Review required,tt0029280,298878,movie,High,Exact title/year confirmed by director,film_type; original_title; runtime_minutes,cast; countries; genres; languages; writers,1,1,2,Valid,
a-night-to-remember-1958,A Night to Remember,1958,Enriched,tt0051994,10971,movie,High,Exact title/year confirmed by director,film_type; original_title; runtime_minutes,cast; countries; genres; languages; writers,0,0,2,Valid,
onionhead-1958,Onionhead,1958,Enriched,tt0052030,118444,movie,High,Exact title/year confirmed by director,film_type; original_title; runtime_minutes,cast; countries; genres; languages; writers,0,0,2,Valid,
the-gallant-hours-1960,The Gallant Hours,1960,Enriched,tt0053849,99345,movie,High,Exact title/year confirmed by director,film_type; original_title; runtime_minutes,cast; countries; genres; languages; writers,0,0,2,Valid,
submarine-seahawk-1958,Submarine Seahawk,1958,Enriched,tt0052256,80260,movie,High,Exact title/year confirmed by director,film_type; original_title; release_date; runtime_minutes,cast; countries; genres; languages; writers,0,0,2,Valid,
attack-on-the-iron-coast-1968,Attack on the Iron Coast,1968,Enriched,tt0062688,124227,movie,High,Exact title/year confirmed by director,film_type; original_title; release_date; runtime_minutes,cast; countries; genres; languages; studios; writers,0,0,2,Valid,
the-sea-chase-1955,The Sea Chase,1955,Enriched,tt0048593,40578,movie,High,Exact title/year confirmed by director,film_type; original_title; runtime_minutes,cast; countries; genres; languages; writers,0,0,2,Valid,
the-sea-spoilers-1936,The Sea Spoilers,1936,Enriched,tt0028227,251908,movie,High,Exact title/year confirmed by director,film_type; original_title; runtime_minutes,cast; countries; genres; languages; writers,0,0,2,Valid,
blood-alley-1955,Blood Alley,1955,Enriched,tt0047889,29377,movie,High,Exact title/year confirmed by director,film_type; original_title; runtime_minutes,cast; countries; directors; genres; languages; writers,0,0,2,Valid,
passage-to-marseille-1944,Passage to Marseille,1944,Enriched,tt0037166,18229,movie,High,Exact title/year confirmed by director,film_type; original_title; runtime_minutes,cast; countries; genres; languages; writers,0,0,2,Valid,
destination-tokyo-1943,Destination Tokyo,1943,Enriched,tt0035799,22871,movie,High,Exact title/year confirmed by director,film_type; original_title; runtime_minutes,cast; countries; genres; languages; writers,0,0,2,Valid,
the-hurricane-1937,The Hurricane,1937,Review required,tt0029030,,,Medium,IMDb candidate requires review,,,0,1,1,Valid,
sons-of-the-sea-1925,Sons of the Sea,1925,Enriched,tt0280119,840122,movie,High,Exact title/year confirmed by director,original_title; release_date; runtime_minutes,cast; genres; writers,0,0,2,Valid,
sons-of-the-sea-1939-2,Sons of the Sea,1939,Enriched,tt0031954,180793,movie,High,Exact title/year confirmed by director,original_title; runtime_minutes,cast; countries; genres; languages; writers,0,0,2,Valid,
atlantic-ferry-1941,Atlantic Ferry,1941,Review required,tt0033358,99881,movie,High,Exact title/year confirmed by director,film_type; original_title; release_date; runtime_minutes,cast; countries; genres; languages; studios; writers,1,1,2,Valid,
